timestamp,temperatura,umidade,vibracao,falha
2026-09-01 00:00:00,77.17,73.2,5.8,0
2026-09-01 00:30:00,54.08,49.85,5.77,0
2026-09-01 01:00:00,58.09,41.23,6.15,0
2026-09-01 01:30:00,43.15,11.82,8.11,0
2026-09-01 02:00:00,54.61,25.68,7.14,0
2026-09-01 02:30:00,81.89,85.63,0.97,0
2026-09-01 03:00:00,73.42,37.73,6.93,0
2026-09-01 03:30:00,48.89,31.12,5.39,0
2026-09-01 04:00:00,75.6,41.15,3.55,0
2026-09-01 04:30:00,47.85,81.08,0.59,0
2026-09-01 05:00:00,66.95,66.64,0.41,0
2026-09-01 05:30:00,82.01,36.86,3.59,0
2026-09-01 06:00:00,44.48,56.65,4.8,0
2026-09-01 06:30:00,60.61,64.25,4.16,0
2026-09-01 07:00:00,61.21,42.83,5.99,0
2026-09-01 07:30:00,56.88,71.38,4.3,0
2026-09-01 08:00:00,69.24,37.76,4.66,0
2026-09-01 08:30:00,45.77,63.95,4.24,0
2026-09-01 09:00:00,68.86,66.1,4.59,0
2026-09-01 09:30:00,73.0,65.54,4.24,1
2026-09-01 10:00:00,73.21,81.74,7.98,1
2026-09-01 10:30:00,77.17,68.21,4.31,0
2026-09-01 11:00:00,59.26,65.42,4.78,0
2026-09-01 11:30:00,76.0,31.92,3.64,0
2026-09-01 12:00:00,71.88,39.08,4.06,0
2026-09-01 12:30:00,65.53,56.78,7.04,0
2026-09-01 13:00:00,71.73,57.57,2.65,0
2026-09-01 13:30:00,71.15,61.74,4.72,0
2026-09-01 14:00:00,64.83,43.42,5.02,0
2026-09-01 14:30:00,67.98,80.64,3.82,1
2026-09-01 15:00:00,64.47,75.55,4.42,0
2026-09-01 15:30:00,72.4,37.34,6.67,1
2026-09-01 16:00:00,48.09,73.78,7.48,0
2026-09-01 16:30:00,68.78,59.37,3.86,0
2026-09-01 17:00:00,47.77,45.53,1.91,0
2026-09-01 17:30:00,70.17,67.09,5.78,0
2026-09-01 18:00:00,69.47,56.52,7.72,0
2026-09-01 18:30:00,57.13,49.3,2.4,0
2026-09-01 19:00:00,81.43,57.14,4.93,1
2026-09-01 19:30:00,77.2,64.44,4.91,1
2026-09-01 20:00:00,73.86,75.65,3.94,0
2026-09-01 20:30:00,80.31,77.09,1.97,0
2026-09-01 21:00:00,78.6,40.84,4.57,1
2026-09-01 21:30:00,67.41,54.77,5.87,1
2026-09-01 22:00:00,58.54,22.58,2.99,0
2026-09-01 22:30:00,91.06,51.84,9.48,1
2026-09-01 23:00:00,66.15,60.59,3.54,0
2026-09-01 23:30:00,66.38,39.52,0.2,0
2026-09-02 00:00:00,38.64,12.94,1.33,0
2026-09-02 00:30:00,78.99,45.62,3.56,1
2026-09-02 01:00:00,86.71,40.02,12.92,1
2026-09-02 01:30:00,33.3,51.14,2.89,0
2026-09-02 02:00:00,91.51,52.69,0.2,0
2026-09-02 02:30:00,73.73,44.19,4.98,0
2026-09-02 03:00:00,61.5,66.54,3.15,0
2026-09-02 03:30:00,69.88,36.79,8.44,1
2026-09-02 04:00:00,73.76,59.44,0.2,1
2026-09-02 04:30:00,66.97,33.74,8.4,1
2026-09-02 05:00:00,68.22,80.31,7.24,1
2026-09-02 05:30:00,82.66,45.98,8.39,1
2026-09-02 06:00:00,63.19,64.05,5.36,0
2026-09-02 06:30:00,63.02,30.77,7.37,0
2026-09-02 07:00:00,72.84,60.93,4.08,0
2026-09-02 07:30:00,74.0,77.5,3.55,0
2026-09-02 08:00:00,59.39,80.52,4.72,0
2026-09-02 08:30:00,72.52,27.72,3.06,0
2026-09-02 09:00:00,78.12,72.61,6.89,1
2026-09-02 09:30:00,69.16,58.71,9.2,1
2026-09-02 10:00:00,66.15,90.13,4.37,1
2026-09-02 10:30:00,56.91,38.23,6.13,0
2026-09-02 11:00:00,80.13,51.21,3.91,0
2026-09-02 11:30:00,77.4,62.89,3.06,0
2026-09-02 12:00:00,58.61,61.56,1.94,0
2026-09-02 12:30:00,57.28,41.99,2.09,0
2026-09-02 13:00:00,38.83,46.64,4.56,0
2026-09-02 13:30:00,75.65,74.42,2.51,0
2026-09-02 14:00:00,65.56,20.06,10.4,1
2026-09-02 14:30:00,40.73,35.16,2.26,0
2026-09-02 15:00:00,64.88,30.45,5.52,0
2026-09-02 15:30:00,46.99,49.36,7.79,0
2026-09-02 16:00:00,78.56,28.38,5.98,0
2026-09-02 16:30:00,68.73,49.25,3.33,1
2026-09-02 17:00:00,45.1,22.63,3.79,0
2026-09-02 17:30:00,74.23,44.86,2.49,0
2026-09-02 18:00:00,62.54,75.08,1.47,0
2026-09-02 18:30:00,55.29,69.39,6.65,0
2026-09-02 19:00:00,81.52,64.99,0.92,0
2026-09-02 19:30:00,84.02,68.71,5.03,0
2026-09-02 20:00:00,70.04,53.13,6.47,1
2026-09-02 20:30:00,56.62,71.31,0.2,0
2026-09-02 21:00:00,82.44,11.86,7.14,1
2026-09-02 21:30:00,72.75,42.39,9.04,1
2026-09-02 22:00:00,68.19,52.64,6.12,1
2026-09-02 22:30:00,64.03,25.16,7.29,0
2026-09-02 23:00:00,79.84,27.02,5.01,0
2026-09-02 23:30:00,70.54,34.81,4.23,0
2026-09-03 00:00:00,65.09,54.78,4.84,0
2026-09-03 00:30:00,68.85,56.55,0.2,0
2026-09-03 01:00:00,67.72,62.69,6.11,0
2026-09-03 01:30:00,90.23,76.08,1.89,0
2026-09-03 02:00:00,81.57,47.58,5.24,0
2026-09-03 02:30:00,66.46,23.39,3.63,0
2026-09-03 03:00:00,91.07,42.04,5.46,1
2026-09-03 03:30:00,49.86,67.74,7.25,0
2026-09-03 04:00:00,60.43,35.83,2.08,0
2026-09-03 04:30:00,73.3,60.66,5.66,0
2026-09-03 05:00:00,67.6,54.6,8.43,0
2026-09-03 05:30:00,60.57,63.2,9.19,1
2026-09-03 06:00:00,60.54,95.07,4.68,0
2026-09-03 06:30:00,56.84,43.41,3.88,0
2026-09-03 07:00:00,77.69,48.62,3.7,0
2026-09-03 07:30:00,72.02,60.08,6.1,0
2026-09-03 08:00:00,56.28,31.25,7.35,0
2026-09-03 08:30:00,74.66,39.04,5.77,1
2026-09-03 09:00:00,89.3,44.15,4.43,0
2026-09-03 09:30:00,62.9,61.31,7.13,1
2026-09-03 10:00:00,63.74,72.77,5.6,0
2026-09-03 10:30:00,60.56,39.55,4.64,0
2026-09-03 11:00:00,81.28,37.44,5.38,0
2026-09-03 11:30:00,73.7,50.58,4.22,0
2026-09-03 12:00:00,81.05,66.44,0.87,0
2026-09-03 12:30:00,63.89,47.66,5.71,0
2026-09-03 13:00:00,56.34,51.67,2.43,0
2026-09-03 13:30:00,70.57,49.08,2.7,0
2026-09-03 14:00:00,47.33,52.92,8.51,0
2026-09-03 14:30:00,63.1,49.54,6.51,0
2026-09-03 15:00:00,74.33,47.9,9.81,1
2026-09-03 15:30:00,64.42,54.79,7.26,0
2026-09-03 16:00:00,57.02,73.14,5.65,0
2026-09-03 16:30:00,75.42,54.87,10.52,1
2026-09-03 17:00:00,66.15,77.28,7.74,1
2026-09-03 17:30:00,80.24,42.31,3.45,0
2026-09-03 18:00:00,70.63,41.2,5.94,1
2026-09-03 18:30:00,61.9,70.0,7.92,0
2026-09-03 19:00:00,76.29,49.23,4.83,0
2026-09-03 19:30:00,57.23,42.08,2.49,0
2026-09-03 20:00:00,76.77,50.63,0.95,0
2026-09-03 20:30:00,61.26,51.74,5.68,0
2026-09-03 21:00:00,65.51,52.0,2.87,0
2026-09-03 21:30:00,83.06,38.32,2.17,0
2026-09-03 22:00:00,77.42,42.0,4.72,1
2026-09-03 22:30:00,69.23,58.06,5.85,0
2026-09-03 23:00:00,58.09,12.7,6.44,0
2026-09-03 23:30:00,55.91,52.44,5.27,0
2026-09-04 00:00:00,93.86,24.14,2.32,0
2026-09-04 00:30:00,74.34,58.46,5.11,0
2026-09-04 01:00:00,64.87,84.35,4.26,0
2026-09-04 01:30:00,68.65,33.27,3.82,0
2026-09-04 02:00:00,65.23,35.15,6.86,0
2026-09-04 02:30:00,69.75,27.99,3.22,0
2026-09-04 03:00:00,66.75,63.33,3.49,0
2026-09-04 03:30:00,51.2,31.8,6.6,0
2026-09-04 04:00:00,82.55,39.97,4.41,1
2026-09-04 04:30:00,52.95,38.99,7.93,0
2026-09-04 05:00:00,60.41,56.47,5.02,0
2026-09-04 05:30:00,87.85,59.81,3.55,0
2026-09-04 06:00:00,54.44,18.75,2.61,0
2026-09-04 06:30:00,58.15,22.41,2.1,0
2026-09-04 07:00:00,78.66,29.97,4.46,0
2026-09-04 07:30:00,65.9,47.14,5.86,0
2026-09-04 08:00:00,51.54,46.54,5.59,0
2026-09-04 08:30:00,89.43,60.99,3.92,1
2026-09-04 09:00:00,48.32,53.03,8.89,0
2026-09-04 09:30:00,85.79,63.14,7.87,1
2026-09-04 10:00:00,78.78,72.69,5.25,1
2026-09-04 10:30:00,52.76,89.28,4.63,0
2026-09-04 11:00:00,67.03,56.94,2.12,0
2026-09-04 11:30:00,49.84,82.71,3.23,0
2026-09-04 12:00:00,64.9,45.97,4.49,0
2026-09-04 12:30:00,53.93,59.38,6.86,0
2026-09-04 13:00:00,61.01,50.4,3.47,0
2026-09-04 13:30:00,62.72,44.8,8.98,0
2026-09-04 14:00:00,59.25,52.6,3.28,0
2026-09-04 14:30:00,78.86,47.82,3.97,1
2026-09-04 15:00:00,65.93,24.55,7.07,0
2026-09-04 15:30:00,41.13,63.0,7.91,0
2026-09-04 16:00:00,55.39,32.54,6.86,0
2026-09-04 16:30:00,60.91,43.6,1.22,0
2026-09-04 17:00:00,60.2,24.21,2.41,0
2026-09-04 17:30:00,58.94,71.05,2.01,0
2026-09-04 18:00:00,59.61,59.29,8.23,1
2026-09-04 18:30:00,82.85,48.23,2.87,0
2026-09-04 19:00:00,86.46,42.35,6.15,1
2026-09-04 19:30:00,54.52,69.37,6.61,0
2026-09-04 20:00:00,71.85,63.9,7.27,1
2026-09-04 20:30:00,88.45,59.51,10.5,1
2026-09-04 21:00:00,72.14,67.7,0.2,0
2026-09-04 21:30:00,73.77,46.48,4.8,0
2026-09-04 22:00:00,77.03,18.91,5.27,1
2026-09-04 22:30:00,56.11,56.71,3.19,0
2026-09-04 23:00:00,38.5,50.32,2.28,0
2026-09-04 23:30:00,58.41,52.28,5.03,0
2026-09-05 00:00:00,70.12,32.13,6.91,0
2026-09-05 00:30:00,44.61,52.42,1.49,0
2026-09-05 01:00:00,81.53,59.79,5.91,1
2026-09-05 01:30:00,83.65,60.83,6.44,1
2026-09-05 02:00:00,87.67,61.83,5.85,0
2026-09-05 02:30:00,64.11,99.56,6.74,0
2026-09-05 03:00:00,50.15,92.83,5.86,1
2026-09-05 03:30:00,54.81,70.13,4.01,0
2026-09-05 04:00:00,50.38,33.9,8.71,0
2026-09-05 04:30:00,74.47,40.7,6.66,1
2026-09-05 05:00:00,54.99,51.71,5.64,0
2026-09-05 05:30:00,50.11,38.08,5.93,0
2026-09-05 06:00:00,69.9,66.19,5.62,1
2026-09-05 06:30:00,72.28,68.97,4.05,0
2026-09-05 07:00:00,55.77,51.16,3.54,0
2026-09-05 07:30:00,45.77,49.9,0.36,0
2026-09-05 08:00:00,44.72,46.81,6.05,0
2026-09-05 08:30:00,75.02,55.48,3.22,0
2026-09-05 09:00:00,60.47,73.97,4.49,0
2026-09-05 09:30:00,72.04,32.51,5.79,0
2026-09-05 10:00:00,80.73,65.2,4.65,0
2026-09-05 10:30:00,76.75,51.53,3.53,0
2026-09-05 11:00:00,81.01,59.05,7.02,1
2026-09-05 11:30:00,73.67,35.55,5.17,0
2026-09-05 12:00:00,75.8,51.59,8.54,1
2026-09-05 12:30:00,61.71,76.77,5.34,0
2026-09-05 13:00:00,80.81,62.18,9.95,1
2026-09-05 13:30:00,79.4,44.84,5.74,1
2026-09-05 14:00:00,87.2,68.72,2.53,0
2026-09-05 14:30:00,46.46,57.83,4.87,0
2026-09-05 15:00:00,60.42,70.28,3.44,0
2026-09-05 15:30:00,52.79,44.67,8.9,0
2026-09-05 16:00:00,60.94,62.41,6.4,0
2026-09-05 16:30:00,86.51,34.01,5.67,1
2026-09-05 17:00:00,63.67,44.95,8.3,1
2026-09-05 17:30:00,75.65,27.38,3.11,1
2026-09-05 18:00:00,70.98,71.99,3.32,0
2026-09-05 18:30:00,66.99,39.36,4.95,0
2026-09-05 19:00:00,63.09,48.36,2.8,0
2026-09-05 19:30:00,64.24,51.18,7.82,0
2026-09-05 20:00:00,48.3,61.94,6.41,0
2026-09-05 20:30:00,73.11,43.92,4.64,0
2026-09-05 21:00:00,78.39,29.13,7.54,1
2026-09-05 21:30:00,87.58,53.92,7.51,1
2026-09-05 22:00:00,51.26,45.57,2.97,0
2026-09-05 22:30:00,71.84,71.87,5.68,1
2026-09-05 23:00:00,73.2,63.08,2.74,0
2026-09-05 23:30:00,71.4,56.85,1.86,0
2026-09-06 00:00:00,65.46,35.31,6.82,0
2026-09-06 00:30:00,89.04,61.85,1.93,0
2026-09-06 01:00:00,83.17,84.31,3.24,0
2026-09-06 01:30:00,67.34,16.32,5.93,0
2026-09-06 02:00:00,80.47,51.28,3.23,0
2026-09-06 02:30:00,66.12,64.44,5.09,0
2026-09-06 03:00:00,79.91,84.24,7.55,1
2026-09-06 03:30:00,79.69,51.01,1.74,0
2026-09-06 04:00:00,61.25,46.85,8.05,1
2026-09-06 04:30:00,75.03,62.18,4.49,0
2026-09-06 05:00:00,70.17,53.91,5.96,0
2026-09-06 05:30:00,53.75,60.92,2.76,0
2026-09-06 06:00:00,84.04,32.67,9.33,1
2026-09-06 06:30:00,72.86,17.87,4.6,0
2026-09-06 07:00:00,68.19,66.27,3.64,0
2026-09-06 07:30:00,83.68,66.1,5.9,0
2026-09-06 08:00:00,56.2,43.68,1.78,0
2026-09-06 08:30:00,70.8,71.53,6.02,0
2026-09-06 09:00:00,75.96,51.39,7.77,1
2026-09-06 09:30:00,86.79,70.48,6.48,1
2026-09-06 10:00:00,67.11,75.6,4.49,0
2026-09-06 10:30:00,48.53,59.55,6.97,0
2026-09-06 11:00:00,68.2,21.08,4.46,0
2026-09-06 11:30:00,79.84,21.48,4.94,0
2026-09-06 12:00:00,52.96,76.99,7.98,0
2026-09-06 12:30:00,60.54,43.5,6.59,0
2026-09-06 13:00:00,87.88,34.91,7.32,1
2026-09-06 13:30:00,58.58,62.06,4.6,0
2026-09-06 14:00:00,61.07,65.43,8.04,1
2026-09-06 14:30:00,59.06,38.6,5.67,0
2026-09-06 15:00:00,67.61,53.64,1.63,0
2026-09-06 15:30:00,69.34,50.99,9.27,0
2026-09-06 16:00:00,42.09,54.97,8.06,0
2026-09-06 16:30:00,65.37,34.5,3.43,0
2026-09-06 17:00:00,57.4,55.37,7.62,0
2026-09-06 17:30:00,74.34,87.54,5.92,1
2026-09-06 18:00:00,71.63,77.66,6.21,0
2026-09-06 18:30:00,77.92,19.61,3.11,0
2026-09-06 19:00:00,67.0,47.77,2.98,0
2026-09-06 19:30:00,65.42,50.37,4.91,0
2026-09-06 20:00:00,81.94,64.7,7.69,0
2026-09-06 20:30:00,60.88,34.03,6.51,0
2026-09-06 21:00:00,59.25,57.02,5.58,0
2026-09-06 21:30:00,38.8,46.91,7.58,0
2026-09-06 22:00:00,68.7,41.93,6.53,1
2026-09-06 22:30:00,59.06,50.53,5.94,0
2026-09-06 23:00:00,62.05,62.6,3.45,0
2026-09-06 23:30:00,65.3,22.66,6.75,1
2026-09-07 00:00:00,54.0,59.16,3.88,0
2026-09-07 00:30:00,48.63,78.37,6.28,0
2026-09-07 01:00:00,54.65,68.38,10.04,0
2026-09-07 01:30:00,58.78,35.84,4.85,0
2026-09-07 02:00:00,62.98,43.95,4.5,0
2026-09-07 02:30:00,63.19,57.75,9.21,0
2026-09-07 03:00:00,59.84,44.12,6.82,0
2026-09-07 03:30:00,85.3,47.83,1.81,0
2026-09-07 04:00:00,57.35,68.43,3.62,0
2026-09-07 04:30:00,71.99,63.66,5.32,0
2026-09-07 05:00:00,76.84,38.83,4.89,0
2026-09-07 05:30:00,62.52,71.33,2.54,0
2026-09-07 06:00:00,63.51,50.2,8.32,1
2026-09-07 06:30:00,72.78,52.81,2.9,0
2026-09-07 07:00:00,43.85,49.1,6.58,0
2026-09-07 07:30:00,62.3,32.82,6.11,0
2026-09-07 08:00:00,84.59,53.48,1.79,0
2026-09-07 08:30:00,67.02,48.89,1.96,0
2026-09-07 09:00:00,59.9,59.54,4.14,0
2026-09-07 09:30:00,65.27,65.99,4.39,0
2026-09-07 10:00:00,51.02,60.99,4.81,0
2026-09-07 10:30:00,60.42,53.94,5.01,0
2026-09-07 11:00:00,77.92,52.92,4.13,0
2026-09-07 11:30:00,62.45,18.47,6.73,0
2026-09-07 12:00:00,76.39,49.61,0.21,0
2026-09-07 12:30:00,79.45,31.6,3.91,0
2026-09-07 13:00:00,79.62,38.94,1.69,0
2026-09-07 13:30:00,61.13,59.44,4.66,0
2026-09-07 14:00:00,78.98,42.29,4.98,0
2026-09-07 14:30:00,57.76,36.99,5.35,0
2026-09-07 15:00:00,65.03,31.02,7.08,0
2026-09-07 15:30:00,78.13,7.92,4.64,0
2026-09-07 16:00:00,63.92,49.5,5.83,0
2026-09-07 16:30:00,60.98,80.09,2.65,0
2026-09-07 17:00:00,71.02,60.16,3.72,0
2026-09-07 17:30:00,55.53,37.59,6.01,0
2026-09-07 18:00:00,53.57,87.08,7.93,0
2026-09-07 18:30:00,64.14,61.93,7.05,0
2026-09-07 19:00:00,62.01,49.81,2.78,0
2026-09-07 19:30:00,68.53,74.44,3.61,0
2026-09-07 20:00:00,89.37,44.28,7.07,1
2026-09-07 20:30:00,44.16,26.39,7.97,0
2026-09-07 21:00:00,83.66,58.3,5.62,1
2026-09-07 21:30:00,64.39,48.31,4.6,0
2026-09-07 22:00:00,67.34,72.41,4.65,0
2026-09-07 22:30:00,66.69,74.75,6.37,0
2026-09-07 23:00:00,62.19,87.28,5.71,0
2026-09-07 23:30:00,88.91,55.05,7.54,1
2026-09-08 00:00:00,66.55,64.52,2.63,0
2026-09-08 00:30:00,83.87,57.5,6.39,0
2026-09-08 01:00:00,72.45,60.67,3.59,0
2026-09-08 01:30:00,43.23,73.28,5.74,0
2026-09-08 02:00:00,81.67,55.69,5.76,0
2026-09-08 02:30:00,43.5,70.49,1.91,0
2026-09-08 03:00:00,63.82,51.86,2.44,0
2026-09-08 03:30:00,81.81,45.36,6.55,0
2026-09-08 04:00:00,75.57,42.22,7.94,1
2026-09-08 04:30:00,72.35,75.5,9.34,1
2026-09-08 05:00:00,55.67,73.29,4.82,0
2026-09-08 05:30:00,73.76,85.07,3.9,0
2026-09-08 06:00:00,54.21,37.01,0.67,0
2026-09-08 06:30:00,72.61,49.97,5.42,0
2026-09-08 07:00:00,72.22,54.24,7.37,1
2026-09-08 07:30:00,40.11,42.72,3.98,0
2026-09-08 08:00:00,90.63,48.45,2.76,1
2026-09-08 08:30:00,72.42,39.55,3.16,0
2026-09-08 09:00:00,59.73,40.07,1.63,0
2026-09-08 09:30:00,77.18,68.67,3.76,0
2026-09-08 10:00:00,58.71,82.43,6.34,1
2026-09-08 10:30:00,83.23,18.59,9.73,1
2026-09-08 11:00:00,67.84,59.37,2.35,0
2026-09-08 11:30:00,74.02,34.55,8.53,1
2026-09-08 12:00:00,79.14,22.77,10.63,1
2026-09-08 12:30:00,48.41,60.71,2.88,0
2026-09-08 13:00:00,49.29,62.08,6.22,0
2026-09-08 13:30:00,44.4,21.65,3.53,0
2026-09-08 14:00:00,63.85,65.15,0.37,0
2026-09-08 14:30:00,45.03,35.65,2.83,0
2026-09-08 15:00:00,78.13,62.09,3.52,0
2026-09-08 15:30:00,68.54,60.03,1.29,0
2026-09-08 16:00:00,62.93,64.62,4.15,0
2026-09-08 16:30:00,81.88,46.65,5.67,1
2026-09-08 17:00:00,53.71,51.82,6.06,0
2026-09-08 17:30:00,75.12,54.55,2.07,0
2026-09-08 18:00:00,61.11,54.46,1.39,0
2026-09-08 18:30:00,62.26,64.13,7.39,0
2026-09-08 19:00:00,50.02,58.68,4.49,0
2026-09-08 19:30:00,76.86,40.42,6.21,1
2026-09-08 20:00:00,77.68,54.73,3.86,0
2026-09-08 20:30:00,76.98,36.43,4.66,0
2026-09-08 21:00:00,60.59,39.13,6.22,0
2026-09-08 21:30:00,55.68,59.55,5.55,0
2026-09-08 22:00:00,67.91,69.42,6.5,1
2026-09-08 22:30:00,52.36,48.1,3.09,0
2026-09-08 23:00:00,53.9,38.82,8.6,0
2026-09-08 23:30:00,83.19,63.24,1.66,0
2026-09-09 00:00:00,87.0,27.04,6.29,0
2026-09-09 00:30:00,66.75,38.39,2.25,0
2026-09-09 01:00:00,56.37,36.52,3.09,0
2026-09-09 01:30:00,51.58,87.57,5.38,0
2026-09-09 02:00:00,69.58,73.63,4.28,0
2026-09-09 02:30:00,60.2,65.26,4.92,0
2026-09-09 03:00:00,41.64,59.82,10.19,0
2026-09-09 03:30:00,72.97,45.05,8.32,1
2026-09-09 04:00:00,55.7,75.25,5.01,0
2026-09-09 04:30:00,63.6,44.06,8.12,1
2026-09-09 05:00:00,54.34,63.49,9.44,0
2026-09-09 05:30:00,59.07,45.39,5.2,0
2026-09-09 06:00:00,76.98,61.78,2.82,0
2026-09-09 06:30:00,64.56,88.95,4.96,0
2026-09-09 07:00:00,48.07,22.92,4.27,0
2026-09-09 07:30:00,61.04,68.53,4.76,0
2026-09-09 08:00:00,74.59,39.77,3.83,0
2026-09-09 08:30:00,74.63,49.11,2.33,0
2026-09-09 09:00:00,60.01,60.21,5.09,0
2026-09-09 09:30:00,69.34,73.76,4.08,0
2026-09-09 10:00:00,84.75,77.3,7.43,1
2026-09-09 10:30:00,83.35,68.33,5.92,1
2026-09-09 11:00:00,90.58,13.2,1.55,0
2026-09-09 11:30:00,61.82,61.81,7.1,0
2026-09-09 12:00:00,65.12,39.42,6.32,0
2026-09-09 12:30:00,94.81,69.39,3.97,1
2026-09-09 13:00:00,40.54,44.98,2.36,0
2026-09-09 13:30:00,79.69,65.39,4.5,0
2026-09-09 14:00:00,57.78,29.26,3.82,0
2026-09-09 14:30:00,69.3,64.12,4.59,0
2026-09-09 15:00:00,72.43,33.39,10.12,1
2026-09-09 15:30:00,64.78,74.15,8.46,0
2026-09-09 16:00:00,72.34,45.68,5.11,0
2026-09-09 16:30:00,61.57,39.01,8.72,0
2026-09-09 17:00:00,75.45,84.56,5.77,0
2026-09-09 17:30:00,50.79,52.72,2.83,0
2026-09-09 18:00:00,60.34,62.54,7.59,0
2026-09-09 18:30:00,76.26,35.27,1.47,0
2026-09-09 19:00:00,80.06,45.43,6.69,0
2026-09-09 19:30:00,56.71,49.33,5.81,0
2026-09-09 20:00:00,67.62,74.02,5.66,1
2026-09-09 20:30:00,65.83,38.14,0.62,0
2026-09-09 21:00:00,42.26,76.95,1.8,0
2026-09-09 21:30:00,76.95,40.5,3.15,0
2026-09-09 22:00:00,73.74,71.78,4.47,0
2026-09-09 22:30:00,61.24,37.29,3.36,0
2026-09-09 23:00:00,79.98,39.78,3.63,0
2026-09-09 23:30:00,57.18,47.57,6.02,0
2026-09-10 00:00:00,52.5,50.94,6.58,0
2026-09-10 00:30:00,71.01,55.39,5.05,0
2026-09-10 01:00:00,60.57,56.31,1.06,0
2026-09-10 01:30:00,46.04,61.24,5.01,0
2026-09-10 02:00:00,47.54,42.03,4.08,0
2026-09-10 02:30:00,67.03,57.15,3.62,0
2026-09-10 03:00:00,70.49,44.18,3.36,0
2026-09-10 03:30:00,78.28,55.12,0.2,0
2026-09-10 04:00:00,55.88,18.97,4.66,0
2026-09-10 04:30:00,53.47,42.09,4.36,0
2026-09-10 05:00:00,61.14,40.89,3.66,0
2026-09-10 05:30:00,62.0,51.63,9.46,0
2026-09-10 06:00:00,65.12,35.21,9.27,1
2026-09-10 06:30:00,77.19,53.0,0.2,0
2026-09-10 07:00:00,60.55,48.35,7.33,0
2026-09-10 07:30:00,76.01,54.2,4.45,0
2026-09-10 08:00:00,48.67,60.65,5.42,0
2026-09-10 08:30:00,52.6,65.75,8.83,0
2026-09-10 09:00:00,67.93,42.34,1.93,0
2026-09-10 09:30:00,79.78,30.35,7.0,1
2026-09-10 10:00:00,71.72,36.35,5.03,0
2026-09-10 10:30:00,56.59,42.82,1.38,0
2026-09-10 11:00:00,70.71,40.95,5.51,0
2026-09-10 11:30:00,80.28,28.79,1.82,0
2026-09-10 12:00:00,62.81,94.76,8.42,1
2026-09-10 12:30:00,65.74,65.53,4.89,0
2026-09-10 13:00:00,54.31,40.86,5.71,0
2026-09-10 13:30:00,61.92,66.94,1.73,0
2026-09-10 14:00:00,63.02,77.3,4.54,0
2026-09-10 14:30:00,81.76,40.73,2.98,0
2026-09-10 15:00:00,73.92,29.26,5.63,0
2026-09-10 15:30:00,66.94,60.62,2.94,0
2026-09-10 16:00:00,42.14,46.49,6.42,0
2026-09-10 16:30:00,47.64,69.68,7.08,0
2026-09-10 17:00:00,72.6,53.72,3.87,0
2026-09-10 17:30:00,48.19,27.15,5.97,0
2026-09-10 18:00:00,53.31,68.9,5.27,0
2026-09-10 18:30:00,47.65,16.63,6.12,0
2026-09-10 19:00:00,69.82,43.65,5.52,0
2026-09-10 19:30:00,69.09,78.92,4.79,1
2026-09-10 20:00:00,62.02,44.86,2.49,0
2026-09-10 20:30:00,65.29,54.41,3.78,0
2026-09-10 21:00:00,57.27,60.2,1.87,0
2026-09-10 21:30:00,53.61,53.52,2.02,0
2026-09-10 22:00:00,69.05,59.35,7.72,0
2026-09-10 22:30:00,69.92,100.0,4.49,1
2026-09-10 23:00:00,60.13,53.97,6.22,0
2026-09-10 23:30:00,62.25,24.46,1.11,0
2026-09-11 00:00:00,73.0,43.81,3.34,0
2026-09-11 00:30:00,59.29,46.92,0.75,0
2026-09-11 01:00:00,45.73,51.22,5.82,0
2026-09-11 01:30:00,50.12,20.56,6.93,0
2026-09-11 02:00:00,95.62,81.49,5.03,1
2026-09-11 02:30:00,74.46,49.42,5.04,0
2026-09-11 03:00:00,38.38,71.16,2.36,0
2026-09-11 03:30:00,48.68,62.7,3.14,0
2026-09-11 04:00:00,61.31,36.65,6.37,1
2026-09-11 04:30:00,55.25,49.5,0.2,0
2026-09-11 05:00:00,64.86,77.64,0.2,0
2026-09-11 05:30:00,63.38,52.22,4.35,0
2026-09-11 06:00:00,54.16,19.63,4.13,0
2026-09-11 06:30:00,74.78,67.65,1.66,0
2026-09-11 07:00:00,61.44,97.04,1.87,0
2026-09-11 07:30:00,67.43,47.51,3.16,0
2026-09-11 08:00:00,59.61,76.36,4.6,0
2026-09-11 08:30:00,61.88,53.12,1.88,0
2026-09-11 09:00:00,67.78,22.35,3.05,0
2026-09-11 09:30:00,45.7,50.4,7.9,0
2026-09-11 10:00:00,56.34,58.04,4.54,0
2026-09-11 10:30:00,50.84,27.99,5.25,0
2026-09-11 11:00:00,67.69,31.43,4.45,0
2026-09-11 11:30:00,52.23,48.15,4.71,0
2026-09-11 12:00:00,66.45,25.15,3.67,0
2026-09-11 12:30:00,65.73,78.36,7.95,0
2026-09-11 13:00:00,68.15,52.64,5.86,0
2026-09-11 13:30:00,66.97,66.13,4.62,0
2026-09-11 14:00:00,64.97,42.94,0.2,0
2026-09-11 14:30:00,67.81,36.88,4.53,0
2026-09-11 15:00:00,70.17,58.21,5.29,0
2026-09-11 15:30:00,63.18,53.1,9.06,1
2026-09-11 16:00:00,33.69,80.92,6.64,0
2026-09-11 16:30:00,50.3,60.05,5.86,0
2026-09-11 17:00:00,72.65,56.91,2.78,0
2026-09-11 17:30:00,53.61,41.09,1.64,0
2026-09-11 18:00:00,72.59,63.38,0.2,0
2026-09-11 18:30:00,48.63,83.55,8.83,1
2026-09-11 19:00:00,46.54,83.53,2.4,0
2026-09-11 19:30:00,87.34,80.99,4.08,1
2026-09-11 20:00:00,73.97,44.64,2.4,0
2026-09-11 20:30:00,62.31,59.13,4.63,0
2026-09-11 21:00:00,51.46,41.8,3.95,0
2026-09-11 21:30:00,73.31,82.89,4.37,1
2026-09-11 22:00:00,78.68,34.23,0.2,0
2026-09-11 22:30:00,74.67,35.32,7.43,0
2026-09-11 23:00:00,64.22,77.28,4.68,0
2026-09-11 23:30:00,60.65,66.06,4.69,0
2026-09-12 00:00:00,60.19,32.51,6.04,0
2026-09-12 00:30:00,73.27,54.94,6.22,1
2026-09-12 01:00:00,78.47,89.71,7.08,0
2026-09-12 01:30:00,79.47,90.53,5.08,1
2026-09-12 02:00:00,63.75,14.31,9.29,1
2026-09-12 02:30:00,58.55,72.31,4.69,0
2026-09-12 03:00:00,70.04,71.26,10.46,1
2026-09-12 03:30:00,71.09,34.72,3.65,0
2026-09-12 04:00:00,73.25,53.12,5.33,0
2026-09-12 04:30:00,37.02,63.78,6.15,0
2026-09-12 05:00:00,48.93,79.01,3.77,0
2026-09-12 05:30:00,64.71,65.9,3.83,0
2026-09-12 06:00:00,76.55,51.61,6.92,0
2026-09-12 06:30:00,80.45,44.62,7.53,1
2026-09-12 07:00:00,63.12,41.57,6.79,0
2026-09-12 07:30:00,66.12,95.3,0.52,0
2026-09-12 08:00:00,66.95,64.73,7.49,0
2026-09-12 08:30:00,55.03,42.95,3.24,0
2026-09-12 09:00:00,62.74,67.44,7.44,0
2026-09-12 09:30:00,65.28,61.41,7.22,0
2026-09-12 10:00:00,48.47,37.45,6.86,0
2026-09-12 10:30:00,57.67,28.32,2.68,0
2026-09-12 11:00:00,55.86,48.78,2.14,0
2026-09-12 11:30:00,52.26,42.74,6.21,0
2026-09-12 12:00:00,72.55,29.0,9.37,0
2026-09-12 12:30:00,103.98,42.12,2.92,1
2026-09-12 13:00:00,56.0,31.84,7.4,0
2026-09-12 13:30:00,72.6,54.99,3.35,0
2026-09-12 14:00:00,67.16,56.86,6.26,0
2026-09-12 14:30:00,51.52,49.26,1.56,0
2026-09-12 15:00:00,69.32,59.4,5.83,0
2026-09-12 15:30:00,74.25,46.38,7.52,0
2026-09-12 16:00:00,72.93,31.25,8.64,0
2026-09-12 16:30:00,58.92,39.3,3.17,0
2026-09-12 17:00:00,78.2,21.9,5.34,0
2026-09-12 17:30:00,70.35,40.57,4.43,0
2026-09-12 18:00:00,39.63,52.01,3.45,0
2026-09-12 18:30:00,81.37,50.73,4.93,0
2026-09-12 19:00:00,56.68,72.34,2.21,0
2026-09-12 19:30:00,62.55,29.48,1.49,0
2026-09-12 20:00:00,48.21,46.97,5.4,0
2026-09-12 20:30:00,41.35,72.55,4.97,0
2026-09-12 21:00:00,53.1,42.39,8.47,0
2026-09-12 21:30:00,67.2,76.53,7.08,0
2026-09-12 22:00:00,72.72,39.13,6.53,0
2026-09-12 22:30:00,60.84,54.08,5.11,0
2026-09-12 23:00:00,50.2,58.97,5.04,0
2026-09-12 23:30:00,45.58,80.96,4.53,0
2026-09-13 00:00:00,80.83,44.0,3.08,0
2026-09-13 00:30:00,52.76,66.24,4.42,0
2026-09-13 01:00:00,60.82,18.86,6.62,1
2026-09-13 01:30:00,69.27,35.23,5.67,0
2026-09-13 02:00:00,65.14,55.79,1.57,0
2026-09-13 02:30:00,79.17,62.29,3.71,0
2026-09-13 03:00:00,56.34,43.79,9.46,1
2026-09-13 03:30:00,62.25,39.09,10.65,1
2026-09-13 04:00:00,50.08,28.82,6.67,0
2026-09-13 04:30:00,79.3,48.79,6.79,1
2026-09-13 05:00:00,66.09,49.71,2.26,0
2026-09-13 05:30:00,78.59,57.75,3.79,0
2026-09-13 06:00:00,62.98,78.58,1.59,0
2026-09-13 06:30:00,72.71,38.66,7.94,1
2026-09-13 07:00:00,51.72,39.06,3.55,0
2026-09-13 07:30:00,54.18,21.05,2.51,0
2026-09-13 08:00:00,62.5,55.74,7.71,0
2026-09-13 08:30:00,56.8,90.88,1.02,0
2026-09-13 09:00:00,67.77,49.32,10.19,1
2026-09-13 09:30:00,89.97,54.94,7.16,1
2026-09-13 10:00:00,76.14,45.79,6.13,1
2026-09-13 10:30:00,73.85,33.27,4.99,0
2026-09-13 11:00:00,49.09,52.74,7.48,0
2026-09-13 11:30:00,55.72,27.27,3.89,0
2026-09-13 12:00:00,72.18,71.91,2.69,0
2026-09-13 12:30:00,69.4,78.18,2.77,0
2026-09-13 13:00:00,41.1,49.32,3.51,0
2026-09-13 13:30:00,67.94,26.65,0.59,0
2026-09-13 14:00:00,71.25,58.68,4.45,0
2026-09-13 14:30:00,56.79,60.53,9.34,0
2026-09-13 15:00:00,83.68,56.73,5.76,0
2026-09-13 15:30:00,77.21,60.3,2.6,0
2026-09-13 16:00:00,81.7,70.54,3.28,0
2026-09-13 16:30:00,74.14,75.79,3.21,0
2026-09-13 17:00:00,72.48,38.57,9.66,1
2026-09-13 17:30:00,64.37,41.91,6.18,0
2026-09-13 18:00:00,64.39,65.47,8.2,0
2026-09-13 18:30:00,75.83,63.85,6.09,0
2026-09-13 19:00:00,54.31,44.59,0.2,0
2026-09-13 19:30:00,69.99,75.94,4.16,0
2026-09-13 20:00:00,57.23,60.07,6.41,0
2026-09-13 20:30:00,57.3,40.71,13.03,1
2026-09-13 21:00:00,51.34,48.45,1.35,0
2026-09-13 21:30:00,47.24,54.16,4.08,0
2026-09-13 22:00:00,67.22,62.04,9.03,1
2026-09-13 22:30:00,80.9,59.41,2.95,0
2026-09-13 23:00:00,67.59,56.33,4.89,0
2026-09-13 23:30:00,86.6,46.59,5.76,1
2026-09-14 00:00:00,64.54,64.46,5.07,0
2026-09-14 00:30:00,72.33,34.36,6.0,0
2026-09-14 01:00:00,64.41,55.53,5.28,0
2026-09-14 01:30:00,55.04,53.05,4.22,0
2026-09-14 02:00:00,76.23,5.0,5.7,0
2026-09-14 02:30:00,70.89,55.84,3.99,0
2026-09-14 03:00:00,63.95,33.63,7.94,1
2026-09-14 03:30:00,68.09,48.63,3.58,0
2026-09-14 04:00:00,66.5,36.56,7.68,0
2026-09-14 04:30:00,51.26,58.47,4.86,0
2026-09-14 05:00:00,50.62,65.7,5.83,0
2026-09-14 05:30:00,38.18,39.16,9.31,0
2026-09-14 06:00:00,65.84,50.23,1.28,0
2026-09-14 06:30:00,73.48,44.1,5.85,0
2026-09-14 07:00:00,61.41,59.1,8.58,0
2026-09-14 07:30:00,37.2,48.36,7.87,0
2026-09-14 08:00:00,73.89,65.27,3.9,0
2026-09-14 08:30:00,44.37,49.02,10.01,0
2026-09-14 09:00:00,81.61,42.55,1.01,0
2026-09-14 09:30:00,57.96,61.24,2.71,0
2026-09-14 10:00:00,61.32,53.74,5.83,0
2026-09-14 10:30:00,62.99,56.11,4.01,0
2026-09-14 11:00:00,59.91,60.93,0.2,0
2026-09-14 11:30:00,69.72,33.33,4.03,0
2026-09-14 12:00:00,53.69,46.47,2.67,0
2026-09-14 12:30:00,66.99,64.77,10.57,0
2026-09-14 13:00:00,57.94,72.3,6.53,0
2026-09-14 13:30:00,53.43,60.16,6.72,0
2026-09-14 14:00:00,43.14,51.24,4.07,0
2026-09-14 14:30:00,68.72,42.26,8.72,0
2026-09-14 15:00:00,67.27,51.03,4.04,0
2026-09-14 15:30:00,81.36,38.22,3.73,1
2026-09-14 16:00:00,77.69,56.4,8.09,1
2026-09-14 16:30:00,77.33,15.21,5.85,0
2026-09-14 17:00:00,71.08,43.2,11.38,1
2026-09-14 17:30:00,68.16,56.77,5.65,0
2026-09-14 18:00:00,66.69,53.8,2.34,0
2026-09-14 18:30:00,80.65,84.36,1.27,0
2026-09-14 19:00:00,59.27,59.36,4.97,0
2026-09-14 19:30:00,66.14,9.0,5.57,1
2026-09-14 20:00:00,68.94,41.44,3.86,0
2026-09-14 20:30:00,78.05,61.18,6.95,0
2026-09-14 21:00:00,60.99,63.54,6.12,0
2026-09-14 21:30:00,74.7,84.33,5.88,1
2026-09-14 22:00:00,71.96,37.69,6.38,0
2026-09-14 22:30:00,56.98,83.22,5.59,0
2026-09-14 23:00:00,64.95,38.68,6.78,0
2026-09-14 23:30:00,66.74,54.53,3.48,0
2026-09-15 00:00:00,60.23,73.29,5.92,0
2026-09-15 00:30:00,72.65,45.42,6.62,0
2026-09-15 01:00:00,65.3,41.31,6.89,0
2026-09-15 01:30:00,64.96,33.65,6.0,0
2026-09-15 02:00:00,53.87,25.03,6.46,0
2026-09-15 02:30:00,66.83,66.86,4.92,1
2026-09-15 03:00:00,68.12,62.39,10.09,1
2026-09-15 03:30:00,67.93,62.73,5.78,0
2026-09-15 04:00:00,55.36,53.88,2.67,0
2026-09-15 04:30:00,66.25,45.27,5.16,0
2026-09-15 05:00:00,57.8,94.78,5.97,0
2026-09-15 05:30:00,52.42,78.68,4.01,0
2026-09-15 06:00:00,51.22,21.35,5.52,0
2026-09-15 06:30:00,36.82,69.64,2.4,0
2026-09-15 07:00:00,59.74,15.14,3.96,0
2026-09-15 07:30:00,80.64,27.94,4.98,1
2026-09-15 08:00:00,73.54,12.7,4.38,0
2026-09-15 08:30:00,59.6,59.02,9.16,1
2026-09-15 09:00:00,51.81,53.67,2.02,0
2026-09-15 09:30:00,69.19,54.28,2.92,0
2026-09-15 10:00:00,61.11,51.2,8.99,0
2026-09-15 10:30:00,79.36,55.82,5.77,0
2026-09-15 11:00:00,75.18,30.02,3.63,0
2026-09-15 11:30:00,78.46,39.23,1.9,0
2026-09-15 12:00:00,69.61,58.81,7.13,1
2026-09-15 12:30:00,56.19,50.68,3.83,0
2026-09-15 13:00:00,58.03,26.65,6.15,0
2026-09-15 13:30:00,65.98,72.0,2.24,0
2026-09-15 14:00:00,72.8,53.35,7.51,1
2026-09-15 14:30:00,63.67,50.06,4.3,0
2026-09-15 15:00:00,72.54,65.81,4.35,0
2026-09-15 15:30:00,54.1,30.23,6.36,0
2026-09-15 16:00:00,66.55,63.2,4.97,0
2026-09-15 16:30:00,53.22,37.11,7.76,1
2026-09-15 17:00:00,44.19,74.77,2.51,0
2026-09-15 17:30:00,76.32,38.61,2.56,0
2026-09-15 18:00:00,75.51,62.1,4.74,1
2026-09-15 18:30:00,70.36,68.53,4.79,0
2026-09-15 19:00:00,52.81,54.92,6.0,0
2026-09-15 19:30:00,98.22,26.91,3.92,0
2026-09-15 20:00:00,56.06,54.38,3.48,0
2026-09-15 20:30:00,79.18,64.78,5.53,1
2026-09-15 21:00:00,73.0,66.91,6.34,0
2026-09-15 21:30:00,79.6,33.5,2.1,0
2026-09-15 22:00:00,52.53,49.19,6.5,0
2026-09-15 22:30:00,44.85,36.93,7.62,1
2026-09-15 23:00:00,69.35,63.95,6.65,1
2026-09-15 23:30:00,62.29,52.46,4.77,0
2026-09-16 00:00:00,65.17,46.64,6.25,0
2026-09-16 00:30:00,47.45,75.04,6.91,0
2026-09-16 01:00:00,61.76,63.8,5.76,0
2026-09-16 01:30:00,79.73,40.38,4.16,0
2026-09-16 02:00:00,55.45,44.54,5.51,0
2026-09-16 02:30:00,82.82,60.89,4.41,0
2026-09-16 03:00:00,70.22,43.0,3.82,0
2026-09-16 03:30:00,76.1,50.93,5.76,1
2026-09-16 04:00:00,78.06,37.36,8.39,1
2026-09-16 04:30:00,73.47,59.44,6.05,0
2026-09-16 05:00:00,33.2,85.37,5.9,0
2026-09-16 05:30:00,53.5,41.23,4.96,0
2026-09-16 06:00:00,45.3,91.28,1.65,0
2026-09-16 06:30:00,71.53,27.24,8.18,0
2026-09-16 07:00:00,66.36,52.47,3.96,0
2026-09-16 07:30:00,83.77,62.46,2.02,0
2026-09-16 08:00:00,57.52,53.38,2.3,0
2026-09-16 08:30:00,81.14,59.89,2.91,0
2026-09-16 09:00:00,76.65,62.84,0.2,0
2026-09-16 09:30:00,86.88,80.51,9.66,1
2026-09-16 10:00:00,64.77,49.05,1.32,0
2026-09-16 10:30:00,64.2,34.74,6.67,0
2026-09-16 11:00:00,73.6,53.19,9.78,1
2026-09-16 11:30:00,62.66,46.13,6.53,0
2026-09-16 12:00:00,76.62,45.63,3.24,0
2026-09-16 12:30:00,70.08,57.78,1.87,0
2026-09-16 13:00:00,69.83,44.92,11.19,1
2026-09-16 13:30:00,60.48,30.87,4.55,0
2026-09-16 14:00:00,69.06,51.97,4.22,0
2026-09-16 14:30:00,85.5,36.13,6.42,1
2026-09-16 15:00:00,66.01,58.87,4.45,0
2026-09-16 15:30:00,75.69,79.92,4.35,1
2026-09-16 16:00:00,66.52,60.35,6.06,0
2026-09-16 16:30:00,69.92,63.56,4.27,0
2026-09-16 17:00:00,81.98,51.34,7.67,1
2026-09-16 17:30:00,63.8,42.06,7.25,0
2026-09-16 18:00:00,85.53,59.51,6.41,1
2026-09-16 18:30:00,66.47,68.8,6.63,1
2026-09-16 19:00:00,54.5,56.0,2.3,0
2026-09-16 19:30:00,61.17,47.97,6.13,0
2026-09-16 20:00:00,70.66,39.18,6.26,0
2026-09-16 20:30:00,74.17,67.22,7.58,0
2026-09-16 21:00:00,76.17,64.81,0.3,0
2026-09-16 21:30:00,65.8,6.94,6.7,0
2026-09-16 22:00:00,76.82,84.47,2.69,0
2026-09-16 22:30:00,86.74,46.53,4.32,0
2026-09-16 23:00:00,61.33,30.52,8.9,0
2026-09-16 23:30:00,60.29,31.13,4.06,0
2026-09-17 00:00:00,59.27,7.01,10.03,0
2026-09-17 00:30:00,40.05,48.69,5.11,0
2026-09-17 01:00:00,64.2,47.79,3.86,0
2026-09-17 01:30:00,34.56,60.12,5.83,0
2026-09-17 02:00:00,59.88,53.11,4.26,0
2026-09-17 02:30:00,57.07,54.14,4.76,1
2026-09-17 03:00:00,65.74,41.4,2.49,0
2026-09-17 03:30:00,68.2,10.9,8.42,0
2026-09-17 04:00:00,74.16,43.68,1.31,0
2026-09-17 04:30:00,72.22,43.54,5.65,1
2026-09-17 05:00:00,45.29,62.44,4.5,0
2026-09-17 05:30:00,72.93,59.06,5.62,0
2026-09-17 06:00:00,52.33,38.56,3.82,0
2026-09-17 06:30:00,75.29,23.37,5.73,1
2026-09-17 07:00:00,97.62,55.26,3.81,1
2026-09-17 07:30:00,63.22,64.64,5.54,0
2026-09-17 08:00:00,60.97,67.68,3.63,0
2026-09-17 08:30:00,55.78,60.46,4.83,1
2026-09-17 09:00:00,69.3,42.47,3.87,0
2026-09-17 09:30:00,84.77,48.06,3.79,0
2026-09-17 10:00:00,53.38,50.47,2.2,0
2026-09-17 10:30:00,64.86,53.04,3.09,0
2026-09-17 11:00:00,41.82,39.66,8.57,0
2026-09-17 11:30:00,66.06,20.69,4.48,0
2026-09-17 12:00:00,54.01,34.86,9.27,0
2026-09-17 12:30:00,91.17,61.56,8.94,1
2026-09-17 13:00:00,42.75,31.79,9.89,0
2026-09-17 13:30:00,83.71,78.33,5.82,1
2026-09-17 14:00:00,40.2,60.96,3.03,0
2026-09-17 14:30:00,72.16,49.05,2.75,0
2026-09-17 15:00:00,58.0,46.63,3.98,0
2026-09-17 15:30:00,73.0,43.27,6.24,1
